,name,level,feature_mode,fit_time_mean,fit_time_std,fit_time_count,fit_time_summary,fit_time_n_folds_ok,score_time_mean,score_time_std,score_time_count,score_time_summary,score_time_n_folds_ok,test_accuracy_mean,test_accuracy_std,test_accuracy_count,test_accuracy_summary,test_accuracy_n_folds_ok,test_f1_weighted_mean,test_f1_weighted_std,test_f1_weighted_count,test_f1_weighted_summary,test_f1_weighted_n_folds_ok,test_mcc_mean,test_mcc_std,test_mcc_count,test_mcc_summary,test_mcc_n_folds_ok
0,claire,1,drfp_random,35.51438810348511,2.412371241090225,25,35.5144±2.41237,True,0.4792792797088623,0.06590880246642877,25,0.479279±0.0659088,True,0.977551769300903,0.000803256283487824,25,0.977552±0.000803256,True,0.9772615845479258,0.000813994200471048,25,0.977262±0.000813994,True,0.9660683725960353,0.0011958961692651415,25,0.966068±0.0011959,True
1,claire,1,drfp_strat,29.545696535110473,0.3054262397319052,25,29.5457±0.305426,True,0.47233747482299804,0.007142859997100244,25,0.472337±0.00714286,True,0.9777380528813893,0.0007010242899871192,25,0.977738±0.000701024,True,0.9774408723692651,0.0007132225946939107,25,0.977441±0.000713223,True,0.9663502801022128,0.0010554785339393902,25,0.96635±0.00105548,True
2,claire,1,rxnfp_random,122.96641392707825,5.604406692669225,25,122.966±5.60441,True,0.27466263771057126,0.04058263409861193,25,0.274663±0.0405826,True,0.9089353625448505,0.00204025901487239,25,0.908935±0.00204026,True,0.9044732368422332,0.002092797566920181,25,0.904473±0.0020928,True,0.861348076774104,0.0030029430693142415,25,0.861348±0.00300294,True
3,claire,1,rxnfp_strat,118.60733709335327,1.0567512522621065,25,118.607±1.05675,True,0.281286563873291,0.007774975673009103,25,0.281287±0.00777498,True,0.9090419615748631,0.0010269811801772513,25,0.909042±0.00102698,True,0.9045849793835682,0.0011449303440626173,25,0.904585±0.00114493,True,0.861511496951641,0.001588007384884993,25,0.861511±0.00158801,True
4,claire,2,drfp_random,27.45598162651062,0.1824758801197739,25,27.456±0.182476,True,0.7028679370880127,0.006616849002695254,25,0.702868±0.00661685,True,0.9645148449585115,0.0008769815606430643,25,0.964515±0.000876982,True,0.9642382075735462,0.0009326180199051555,25,0.964238±0.000932618,True,0.9605465584424309,0.0009709464772357038,25,0.960547±0.000970946,True
5,claire,2,drfp_strat,27.39369875907898,0.18765322956951314,25,27.3937±0.187653,True,0.794001293182373,0.009253507441950394,25,0.794001±0.00925351,True,0.9646343686969578,0.0007445613933366812,25,0.964634±0.000744561,True,0.9643280700530962,0.0007222176944891752,25,0.964328±0.000722218,True,0.9606812041415205,0.0008285477021748118,25,0.960681±0.000828548,True
6,claire,2,rxnfp_random,138.40165245056153,1.0219913566337147,25,138.402±1.02199,True,0.5712618160247803,0.00452426471461069,25,0.571262±0.00452426,True,0.8616311505399876,0.001540184428321561,25,0.861631±0.00154018,True,0.8570529552550009,0.001675909419577623,25,0.857053±0.00167591,True,0.8459682338078335,0.0016791701619864698,25,0.845968±0.00167917,True
7,claire,2,rxnfp_strat,138.15488874435425,0.7330482441963833,25,138.155±0.733048,True,0.5909427547454834,0.0038678260215668633,25,0.590943±0.00386783,True,0.8617905202786799,0.0015746904367594536,25,0.861791±0.00157469,True,0.8572573967653001,0.001682710281997843,25,0.857257±0.00168271,True,0.8461478394361335,0.0017731450777334105,25,0.846148±0.00177315,True
8,claire,3,drfp_random,28.118077049255373,0.18922935129223692,25,28.1181±0.189229,True,1.28682373046875,0.018912261915694846,25,1.28682±0.0189123,True,0.9498304045610019,0.0009638915528804255,25,0.94983±0.000963892,True,0.9486985379213563,0.0010554618124150486,25,0.948699±0.00105546,True,0.9466837855304555,0.0010154599758919556,25,0.946684±0.00101546,True
9,claire,3,drfp_strat,28.13909442901611,0.18626295453990524,25,28.1391±0.186263,True,1.4095588970184325,0.010325338700829408,25,1.40956±0.0103253,True,0.9500737589888868,0.0010521908050917616,25,0.950074±0.00105219,True,0.9489176172342763,0.0010161448363990224,25,0.948918±0.00101614,True,0.9469463754928793,0.0011176971526834169,25,0.946946±0.0011177,True
10,claire,3,rxnfp_random,240.91847623825072,1.1815089907719443,25,240.918±1.18151,True,1.1734827613830567,0.019230190384190094,25,1.17348±0.0192302,True,0.8444862066839818,0.001920203488688843,25,0.844486±0.0019202,True,0.8389110950938874,0.0021351641247861403,25,0.838911±0.00213516,True,0.8343925725566775,0.002024150168081719,25,0.834393±0.00202415,True
11,claire,3,rxnfp_strat,241.03078590393068,1.286885144352191,25,241.031±1.28689,True,1.2322351360321044,0.00626278259685597,25,1.23224±0.00626278,True,0.845040753808114,0.0013465159656858856,25,0.845041±0.00134652,True,0.8395359070421091,0.0013678041564261182,25,0.839536±0.0013678,True,0.8349856766113994,0.0014350843896361125,25,0.834986±0.00143508,True
12,schneider_b,0,drfp_random,8.987972164154053,0.04950508211919376,25,8.98797±0.0495051,True,0.21660228729248043,0.006476654103157169,25,0.216602±0.00647665,True,0.953052,0.001772032731074695,25,0.953052±0.00177203,True,0.9528957491722235,0.0018019485284871068,25,0.952896±0.00180195,True,0.9521066813943215,0.001809419066505439,25,0.952107±0.00180942,True
13,schneider_b,0,drfp_strat,9.013917865753173,0.05275230733843524,25,9.01392±0.0527523,True,0.21979068756103512,0.005368979036756147,25,0.219791±0.00536898,True,0.952976,0.0017826197949459895,25,0.952976±0.00178262,True,0.9528136605714974,0.0017962224608741183,25,0.952814±0.00179622,True,0.9520326823412637,0.0018190935638239911,25,0.952033±0.00181909,True
14,schneider_b,0,rxnfp_random,30.774997415542604,0.21556869782940444,25,30.775±0.215569,True,0.12408493041992184,0.005182311539601258,25,0.124085±0.00518231,True,0.935936,0.0025381883302859885,25,0.935936±0.00253819,True,0.9356028510905552,0.002547074286952696,25,0.935603±0.00254707,True,0.9346448947617982,0.0025884303907736713,25,0.934645±0.00258843,True
15,schneider_b,0,rxnfp_strat,30.83183073043823,0.27897217510605293,25,30.8318±0.278972,True,0.12316825866699213,0.004212693205660287,25,0.123168±0.00421269,True,0.936288,0.0016174362429474747,25,0.936288±0.00161744,True,0.9359517052593798,0.0016321460353625706,25,0.935952±0.00163215,True,0.9350083392630745,0.0016475410737963492,25,0.935008±0.00164754,True
16,schneider_b,1,drfp_random,9.001615543365478,0.06333732088107884,25,9.00162±0.0633373,True,0.21698353767395015,0.007044443035924312,25,0.216984±0.00704444,True,0.953052,0.001772032731074695,25,0.953052±0.00177203,True,0.9528957491722235,0.0018019485284871068,25,0.952896±0.00180195,True,0.9521066813943215,0.001809419066505439,25,0.952107±0.00180942,True
17,schneider_b,1,drfp_strat,9.004972972869872,0.04248634445734717,25,9.00497±0.0424863,True,0.2212069702148437,0.00889759224576821,25,0.221207±0.00889759,True,0.952976,0.0017826197949459895,25,0.952976±0.00178262,True,0.9528136605714974,0.0017962224608741183,25,0.952814±0.00179622,True,0.9520326823412637,0.0018190935638239911,25,0.952033±0.00181909,True
18,schneider_b,1,rxnfp_random,30.8000878238678,0.2666056249442541,25,30.8001±0.266606,True,0.12307984352111813,0.003787353371460922,25,0.12308±0.00378735,True,0.935936,0.0025381883302859885,25,0.935936±0.00253819,True,0.9356028510905552,0.002547074286952696,25,0.935603±0.00254707,True,0.9346448947617982,0.0025884303907736713,25,0.934645±0.00258843,True
19,schneider_b,1,rxnfp_strat,30.89666711807251,0.29925102477462107,25,30.8967±0.299251,True,0.12308322906494137,0.003646934924287674,25,0.123083±0.00364693,True,0.936288,0.0016174362429474747,25,0.936288±0.00161744,True,0.9359517052593798,0.0016321460353625706,25,0.935952±0.00163215,True,0.9350083392630745,0.0016475410737963492,25,0.935008±0.00164754,True
20,schneider_b,2,drfp_random,8.994208316802979,0.06867310363810447,25,8.99421±0.0686731,True,0.2153210926055908,0.005577186385520266,25,0.215321±0.00557719,True,0.953052,0.001772032731074695,25,0.953052±0.00177203,True,0.9528957491722235,0.0018019485284871068,25,0.952896±0.00180195,True,0.9521066813943215,0.001809419066505439,25,0.952107±0.00180942,True
21,schneider_b,2,drfp_strat,9.013644132614136,0.04247989671431286,25,9.01364±0.0424799,True,0.21877476692199704,0.007208653261284711,25,0.218775±0.00720865,True,0.952976,0.0017826197949459895,25,0.952976±0.00178262,True,0.9528136605714974,0.0017962224608741183,25,0.952814±0.00179622,True,0.9520326823412637,0.0018190935638239911,25,0.952033±0.00181909,True
22,schneider_b,2,rxnfp_random,30.81120294570923,0.23387367048557003,25,30.8112±0.233874,True,0.12371235847473139,0.00430480257907746,25,0.123712±0.0043048,True,0.935936,0.0025381883302859885,25,0.935936±0.00253819,True,0.9356028510905552,0.002547074286952696,25,0.935603±0.00254707,True,0.9346448947617982,0.0025884303907736713,25,0.934645±0.00258843,True
23,schneider_b,2,rxnfp_strat,30.88489532470703,0.261729555213459,25,30.8849±0.26173,True,0.12457414627075192,0.004944929129569304,25,0.124574±0.00494493,True,0.936288,0.0016174362429474747,25,0.936288±0.00161744,True,0.9359517052593798,0.0016321460353625706,25,0.935952±0.00163215,True,0.9350083392630745,0.0016475410737963492,25,0.935008±0.00164754,True
24,schneider_b,3,drfp_random,8.985700311660766,0.07059688506346945,25,8.9857±0.0705969,True,0.21481982231140134,0.005232373659985613,25,0.21482±0.00523237,True,0.953052,0.001772032731074695,25,0.953052±0.00177203,True,0.9528957491722235,0.0018019485284871068,25,0.952896±0.00180195,True,0.9521066813943215,0.001809419066505439,25,0.952107±0.00180942,True
25,schneider_b,3,drfp_strat,9.015272369384766,0.053846303724134445,25,9.01527±0.0538463,True,0.21919281959533687,0.006470863412254612,25,0.219193±0.00647086,True,0.952976,0.0017826197949459895,25,0.952976±0.00178262,True,0.9528136605714974,0.0017962224608741183,25,0.952814±0.00179622,True,0.9520326823412637,0.0018190935638239911,25,0.952033±0.00181909,True
26,schneider_b,3,rxnfp_random,30.82707702636719,0.23146037352376486,25,30.8271±0.23146,True,0.12308062553405757,0.0035899230953425087,25,0.123081±0.00358992,True,0.935936,0.0025381883302859885,25,0.935936±0.00253819,True,0.9356028510905552,0.002547074286952696,25,0.935603±0.00254707,True,0.9346448947617982,0.0025884303907736713,25,0.934645±0.00258843,True
27,schneider_b,3,rxnfp_strat,30.928200998306274,0.2429611868458305,25,30.9282±0.242961,True,0.12346344947814936,0.0032852388520016253,25,0.123463±0.00328524,True,0.936288,0.0016174362429474747,25,0.936288±0.00161744,True,0.9359517052593798,0.0016321460353625706,25,0.935952±0.00163215,True,0.9350083392630745,0.0016475410737963492,25,0.935008±0.00164754,True
28,schneider_u,0,drfp_random,8.060593118667603,0.06248150483016858,25,8.06059±0.0624815,True,0.21366036415100095,0.008389304981948181,25,0.21366±0.0083893,True,0.9685320000000001,0.001694038567054097,25,0.968532±0.00169404,True,0.9682924730860373,0.0017178519712366693,25,0.968292±0.00171785,True,0.9678990996779234,0.0017267334394460104,25,0.967899±0.00172673,True
29,schneider_u,0,drfp_strat,8.011012258529663,0.04511360689979724,25,8.01101±0.0451136,True,0.21449416160583493,0.0045898415683680955,25,0.214494±0.00458984,True,0.968412,0.0018888532676379697,25,0.968412±0.00188885,True,0.9681672490589557,0.001918602340712104,25,0.968167±0.0019186,True,0.9677804269774559,0.0019267570354927629,25,0.96778±0.00192676,True
30,schneider_u,0,rxnfp_random,31.21485740661621,0.36197286889206753,25,31.2149±0.361973,True,0.12105632781982417,0.005240082843150852,25,0.121056±0.00524008,True,0.9619200000000001,0.0016982834470919913,25,0.96192±0.00169828,True,0.9618025575902313,0.0016983579475087825,25,0.961803±0.00169836,True,0.9611498178416252,0.0017328277016078807,25,0.96115±0.00173283,True
31,schneider_u,0,rxnfp_strat,31.13034381866455,0.33172011547164443,25,31.1303±0.33172,True,0.12386011123657223,0.0036563421281668295,25,0.12386±0.00365634,True,0.9620000000000001,0.0016209565077447475,25,0.962±0.00162096,True,0.9618851335245437,0.0016421702708145443,25,0.961885±0.00164217,True,0.9612332341915487,0.0016525494819999347,25,0.961233±0.00165255,True
32,schneider_u,1,drfp_random,8.037593116760254,0.04942819577536864,25,8.03759±0.0494282,True,0.21301778793334958,0.0037531514504609534,25,0.213018±0.00375315,True,0.9685320000000001,0.001694038567054097,25,0.968532±0.00169404,True,0.9682924730860373,0.0017178519712366693,25,0.968292±0.00171785,True,0.9678990996779234,0.0017267334394460104,25,0.967899±0.00172673,True
33,schneider_u,1,drfp_strat,8.012376518249512,0.04114786709227389,25,8.01238±0.0411479,True,0.21606934547424314,0.009183497914588945,25,0.216069±0.0091835,True,0.968412,0.0018888532676379697,25,0.968412±0.00188885,True,0.9681672490589557,0.001918602340712104,25,0.968167±0.0019186,True,0.9677804269774559,0.0019267570354927629,25,0.96778±0.00192676,True
34,schneider_u,1,rxnfp_random,31.22243175506592,0.36815207197740235,25,31.2224±0.368152,True,0.1218122577667236,0.004697656185853132,25,0.121812±0.00469766,True,0.9619200000000001,0.0016982834470919913,25,0.96192±0.00169828,True,0.9618025575902313,0.0016983579475087825,25,0.961803±0.00169836,True,0.9611498178416252,0.0017328277016078807,25,0.96115±0.00173283,True
35,schneider_u,1,rxnfp_strat,31.181782140731812,0.3400008588907651,25,31.1818±0.340001,True,0.12259007453918452,0.002463126153670503,25,0.12259±0.00246313,True,0.9620000000000001,0.0016209565077447475,25,0.962±0.00162096,True,0.9618851335245437,0.0016421702708145443,25,0.961885±0.00164217,True,0.9612332341915487,0.0016525494819999347,25,0.961233±0.00165255,True
36,schneider_u,2,drfp_random,8.038302307128907,0.04864583131656633,25,8.0383±0.0486458,True,0.21393308639526365,0.00430102163548947,25,0.213933±0.00430102,True,0.9685320000000001,0.001694038567054097,25,0.968532±0.00169404,True,0.9682924730860373,0.0017178519712366693,25,0.968292±0.00171785,True,0.9678990996779234,0.0017267334394460104,25,0.967899±0.00172673,True
37,schneider_u,2,drfp_strat,8.020360555648804,0.04504011623818819,25,8.02036±0.0450401,True,0.213896951675415,0.0065023753367327184,25,0.213897±0.00650238,True,0.968412,0.0018888532676379697,25,0.968412±0.00188885,True,0.9681672490589557,0.001918602340712104,25,0.968167±0.0019186,True,0.9677804269774559,0.0019267570354927629,25,0.96778±0.00192676,True
38,schneider_u,2,rxnfp_random,31.25872838973999,0.34760256671593454,25,31.2587±0.347603,True,0.12016416549682613,0.004702987001875896,25,0.120164±0.00470299,True,0.9619200000000001,0.0016982834470919913,25,0.96192±0.00169828,True,0.9618025575902313,0.0016983579475087825,25,0.961803±0.00169836,True,0.9611498178416252,0.0017328277016078807,25,0.96115±0.00173283,True
39,schneider_u,2,rxnfp_strat,31.163874168395996,0.3059298312382983,25,31.1639±0.30593,True,0.12283714294433588,0.003274160182975105,25,0.122837±0.00327416,True,0.9620000000000001,0.0016209565077447475,25,0.962±0.00162096,True,0.9618851335245437,0.0016421702708145443,25,0.961885±0.00164217,True,0.9612332341915487,0.0016525494819999347,25,0.961233±0.00165255,True
40,schneider_u,3,drfp_random,8.033350982666015,0.042414273453819484,25,8.03335±0.0424143,True,0.2131288909912109,0.005972038873310041,25,0.213129±0.00597204,True,0.9685320000000001,0.001694038567054097,25,0.968532±0.00169404,True,0.9682924730860373,0.0017178519712366693,25,0.968292±0.00171785,True,0.9678990996779234,0.0017267334394460104,25,0.967899±0.00172673,True
41,schneider_u,3,drfp_strat,8.021085805892945,0.04725076726940023,25,8.02109±0.0472508,True,0.21376516342163082,0.0039057336153612058,25,0.213765±0.00390573,True,0.968412,0.0018888532676379697,25,0.968412±0.00188885,True,0.9681672490589557,0.001918602340712104,25,0.968167±0.0019186,True,0.9677804269774559,0.0019267570354927629,25,0.96778±0.00192676,True
42,schneider_u,3,rxnfp_random,31.235831136703492,0.3919081679487404,25,31.2358±0.391908,True,0.1215668678283691,0.004704250041410986,25,0.121567±0.00470425,True,0.9619200000000001,0.0016982834470919913,25,0.96192±0.00169828,True,0.9618025575902313,0.0016983579475087825,25,0.961803±0.00169836,True,0.9611498178416252,0.0017328277016078807,25,0.96115±0.00173283,True
43,schneider_u,3,rxnfp_strat,31.146941328048705,0.3259986850879048,25,31.1469±0.325999,True,0.1227955532073974,0.002596151487099446,25,0.122796±0.00259615,True,0.9620000000000001,0.0016209565077447475,25,0.962±0.00162096,True,0.9618851335245437,0.0016421702708145443,25,0.961885±0.00164217,True,0.9612332341915487,0.0016525494819999347,25,0.961233±0.00165255,True
44,syntemp,0,drfp_random,7.383243379592895,0.030933973362242913,25,7.38324±0.030934,True,0.2956772708892822,0.007250563202438713,25,0.295677±0.00725056,True,0.9571326677938089,0.002365086393021412,25,0.957133±0.00236509,True,0.9513202486504875,0.0026872219256286927,25,0.95132±0.00268722,True,0.9539925846980275,0.0025405342196721725,25,0.953993±0.00254053,True
45,syntemp,0,drfp_strat,7.391500310897827,0.028933181476200658,25,7.3915±0.0289332,True,0.2959641361236572,0.00991227916327598,25,0.295964±0.00991228,True,0.95750558590305,0.001306734007164709,25,0.957506±0.00130673,True,0.9517544644358911,0.001408245645850311,25,0.951754±0.00140825,True,0.9543970238184147,0.001403696453729377,25,0.954397±0.0014037,True
46,syntemp,0,rxnfp_random,38.62071422576904,0.2046928395584165,25,38.6207±0.204693,True,0.23615394592285152,0.005793221540260351,25,0.236154±0.00579322,True,0.931553132736783,0.0029684716750486635,25,0.931553±0.00296847,True,0.9192872011344292,0.003535064211649611,25,0.919287±0.00353506,True,0.926453793705993,0.0031723372626447843,25,0.926454±0.00317234,True
47,syntemp,0,rxnfp_strat,38.641938543319704,0.2175637826137062,25,38.6419±0.217564,True,0.234003210067749,0.0020833291464551046,25,0.234003±0.00208333,True,0.9321148296771156,0.0016726110563172686,25,0.932115±0.00167261,True,0.9199568395966844,0.0018761034986400757,25,0.919957±0.0018761,True,0.9270601793155023,0.001800134889862413,25,0.92706±0.00180013,True
48,syntemp,1,drfp_random,8.702838497161865,0.03343705454923562,25,8.70284±0.0334371,True,0.6004147529602051,0.012770786804889366,25,0.600415±0.0127708,True,0.9425980314857993,0.0028697285746506077,25,0.942598±0.00286973,True,0.9378764428305871,0.0031686534708702512,25,0.937876±0.00316865,True,0.9413500959176057,0.002925148558262609,25,0.94135±0.00292515,True
49,syntemp,1,drfp_strat,8.715449609756469,0.04764090588645657,25,8.71545±0.0476409,True,0.5999703502655029,0.00924457461022751,25,0.59997±0.00924457,True,0.9443751174989566,0.002085286833767298,25,0.944375±0.00208529,True,0.939857224883093,0.00228144088176615,25,0.939857±0.00228144,True,0.943160858808254,0.0021336961843508597,25,0.943161±0.0021337,True
50,syntemp,1,rxnfp_random,108.68553750991822,0.8517041278789712,25,108.686±0.851704,True,0.5191244602203369,0.003878263524139739,25,0.519124±0.00387826,True,0.903427631346083,0.003860654069906818,25,0.903428±0.00386065,True,0.8948590160505241,0.004031624703897463,25,0.894859±0.00403162,True,0.9015761981661388,0.0039111942521320745,25,0.901576±0.00391119,True
51,syntemp,1,rxnfp_strat,108.27051719665528,0.8814130646356585,25,108.271±0.881413,True,0.5218447971343995,0.005060889090873841,25,0.521845±0.00506089,True,0.9051771333200653,0.002167212647181927,25,0.905177±0.00216721,True,0.896617282023877,0.002333935172487068,25,0.896617±0.00233394,True,0.9033429965853509,0.0022066384003509684,25,0.903343±0.00220664,True
52,syntemp,2,drfp_random,11.686063051223755,0.05377236077067062,25,11.6861±0.0537724,True,0.9901285076141357,0.013386120302048547,25,0.990129±0.0133861,True,0.9202228378973267,0.0024639630451793485,25,0.920223±0.00246396,True,0.9070316883767401,0.0029872277055105886,25,0.907032±0.00298723,True,0.9010032916525802,0.0030534702001631794,25,0.901003±0.00305347,True
53,syntemp,2,drfp_strat,11.682317132949828,0.054672690636916474,25,11.6823±0.0546727,True,0.9956164455413818,0.023695487930523177,25,0.995616±0.0236955,True,0.9250753747196717,0.00241082989524056,25,0.925075±0.00241083,True,0.9129478099914041,0.0026444647152284494,25,0.912948±0.00264446,True,0.9070520819607217,0.0030245852992149672,25,0.907052±0.00302459,True
54,syntemp,2,rxnfp_random,176.39688442230224,0.7087126977969577,25,176.397±0.708713,True,0.8948090267181397,0.015012959476710653,25,0.894809±0.015013,True,0.7695081750660804,0.004516167564742744,25,0.769508±0.00451617,True,0.7301332621337124,0.00500916725312746,25,0.730133±0.00500917,True,0.7058773433569334,0.0055026839567374475,25,0.705877±0.00550268,True
55,syntemp,2,rxnfp_strat,176.0723533821106,0.9553981087809584,25,176.072±0.955398,True,0.9000796031951904,0.016031863197451302,25,0.90008±0.0160319,True,0.7755116649043149,0.0035977457787273667,25,0.775512±0.00359775,True,0.7374738937746241,0.003850971872579942,25,0.737474±0.00385097,True,0.7139348761641463,0.004782904234265909,25,0.713935±0.0047829,True
56,tpl_b,0,drfp_random,8.993632335662841,0.062192346629448725,25,8.99363±0.0621923,True,0.2173278141021728,0.008005707787786726,25,0.217328±0.00800571,True,0.953052,0.001772032731074695,25,0.953052±0.00177203,True,0.9528957491722235,0.0018019485284871068,25,0.952896±0.00180195,True,0.9521066813943215,0.001809419066505439,25,0.952107±0.00180942,True
57,tpl_b,0,drfp_strat,8.990719995498658,0.05049877103522749,25,8.99072±0.0504988,True,0.21959711074829097,0.006145052891805024,25,0.219597±0.00614505,True,0.952976,0.0017826197949459895,25,0.952976±0.00178262,True,0.9528136605714974,0.0017962224608741183,25,0.952814±0.00179622,True,0.9520326823412637,0.0018190935638239911,25,0.952033±0.00181909,True
58,tpl_b,0,rxnfp_random,30.773331985473632,0.2410177335608357,25,30.7733±0.241018,True,0.1224423217773437,0.0030053325386874092,25,0.122442±0.00300533,True,0.935936,0.0025381883302859885,25,0.935936±0.00253819,True,0.9356028510905552,0.002547074286952696,25,0.935603±0.00254707,True,0.9346448947617982,0.0025884303907736713,25,0.934645±0.00258843,True
59,tpl_b,0,rxnfp_strat,30.84100881576538,0.23239701808941066,25,30.841±0.232397,True,0.12331954956054685,0.0036094414969270365,25,0.12332±0.00360944,True,0.936288,0.0016174362429474747,25,0.936288±0.00161744,True,0.9359517052593798,0.0016321460353625706,25,0.935952±0.00163215,True,0.9350083392630745,0.0016475410737963492,25,0.935008±0.00164754,True
60,tpl_b,1,drfp_random,8.986677122116088,0.060864648382633044,25,8.98668±0.0608646,True,0.21294309616088863,0.0020505999449863758,25,0.212943±0.0020506,True,0.953052,0.001772032731074695,25,0.953052±0.00177203,True,0.9528957491722235,0.0018019485284871068,25,0.952896±0.00180195,True,0.9521066813943215,0.001809419066505439,25,0.952107±0.00180942,True
61,tpl_b,1,drfp_strat,9.010222654342652,0.06309245317781877,25,9.01022±0.0630925,True,0.21748526573181148,0.006703707396606452,25,0.217485±0.00670371,True,0.952976,0.0017826197949459895,25,0.952976±0.00178262,True,0.9528136605714974,0.0017962224608741183,25,0.952814±0.00179622,True,0.9520326823412637,0.0018190935638239911,25,0.952033±0.00181909,True
62,tpl_b,1,rxnfp_random,30.77149564743042,0.2580028678914891,25,30.7715±0.258003,True,0.12252406120300288,0.002717862922351779,25,0.122524±0.00271786,True,0.935936,0.0025381883302859885,25,0.935936±0.00253819,True,0.9356028510905552,0.002547074286952696,25,0.935603±0.00254707,True,0.9346448947617982,0.0025884303907736713,25,0.934645±0.00258843,True
63,tpl_b,1,rxnfp_strat,30.886468448638915,0.27413996486133163,25,30.8865±0.27414,True,0.123697919845581,0.005395251115788945,25,0.123698±0.00539525,True,0.936288,0.0016174362429474747,25,0.936288±0.00161744,True,0.9359517052593798,0.0016321460353625706,25,0.935952±0.00163215,True,0.9350083392630745,0.0016475410737963492,25,0.935008±0.00164754,True
64,tpl_b,2,drfp_random,8.988630733489991,0.06301433080966443,25,8.98863±0.0630143,True,0.21807570457458492,0.007561022036083751,25,0.218076±0.00756102,True,0.953052,0.001772032731074695,25,0.953052±0.00177203,True,0.9528957491722235,0.0018019485284871068,25,0.952896±0.00180195,True,0.9521066813943215,0.001809419066505439,25,0.952107±0.00180942,True
65,tpl_b,2,drfp_strat,9.01423532485962,0.05211484329030315,25,9.01424±0.0521148,True,0.21749679565429683,0.006559600590753917,25,0.217497±0.0065596,True,0.952976,0.0017826197949459895,25,0.952976±0.00178262,True,0.9528136605714974,0.0017962224608741183,25,0.952814±0.00179622,True,0.9520326823412637,0.0018190935638239911,25,0.952033±0.00181909,True
66,tpl_b,2,rxnfp_random,30.77057089805603,0.22277395464030694,25,30.7706±0.222774,True,0.12371980667114255,0.004304060849414178,25,0.12372±0.00430406,True,0.935936,0.0025381883302859885,25,0.935936±0.00253819,True,0.9356028510905552,0.002547074286952696,25,0.935603±0.00254707,True,0.9346448947617982,0.0025884303907736713,25,0.934645±0.00258843,True
67,tpl_b,2,rxnfp_strat,30.80653413772583,0.2808772872451532,25,30.8065±0.280877,True,0.12348514556884763,0.003878729275720402,25,0.123485±0.00387873,True,0.936288,0.0016174362429474747,25,0.936288±0.00161744,True,0.9359517052593798,0.0016321460353625706,25,0.935952±0.00163215,True,0.9350083392630745,0.0016475410737963492,25,0.935008±0.00164754,True
68,tpl_b,3,drfp_random,8.999219160079956,0.05103649010395511,25,8.99922±0.0510365,True,0.21809885025024411,0.005900662116758561,25,0.218099±0.00590066,True,0.953052,0.001772032731074695,25,0.953052±0.00177203,True,0.9528957491722235,0.0018019485284871068,25,0.952896±0.00180195,True,0.9521066813943215,0.001809419066505439,25,0.952107±0.00180942,True
69,tpl_b,3,drfp_strat,9.010142612457276,0.04930947846809555,25,9.01014±0.0493095,True,0.22021338462829587,0.007947011585760064,25,0.220213±0.00794701,True,0.952976,0.0017826197949459895,25,0.952976±0.00178262,True,0.9528136605714974,0.0017962224608741183,25,0.952814±0.00179622,True,0.9520326823412637,0.0018190935638239911,25,0.952033±0.00181909,True
70,tpl_b,3,rxnfp_random,30.80541714668274,0.22160196430477716,25,30.8054±0.221602,True,0.12384040832519527,0.003471534989367155,25,0.12384±0.00347153,True,0.935936,0.0025381883302859885,25,0.935936±0.00253819,True,0.9356028510905552,0.002547074286952696,25,0.935603±0.00254707,True,0.9346448947617982,0.0025884303907736713,25,0.934645±0.00258843,True
71,tpl_b,3,rxnfp_strat,30.891762218475343,0.28858928362111014,25,30.8918±0.288589,True,0.1220020961761474,0.001222827430400291,25,0.122002±0.00122283,True,0.936288,0.0016174362429474747,25,0.936288±0.00161744,True,0.9359517052593798,0.0016321460353625706,25,0.935952±0.00163215,True,0.9350083392630745,0.0016475410737963492,25,0.935008±0.00164754,True
72,tpl_u,0,drfp_random,8.014181604385376,0.045896443433514435,25,8.01418±0.0458964,True,0.21379653930664058,0.004401497542263945,25,0.213797±0.0044015,True,0.9685320000000001,0.001694038567054097,25,0.968532±0.00169404,True,0.9682924730860373,0.0017178519712366693,25,0.968292±0.00171785,True,0.9678990996779234,0.0017267334394460104,25,0.967899±0.00172673,True
73,tpl_u,0,drfp_strat,8.006679830551148,0.03935509033212475,25,8.00668±0.0393551,True,0.21500885009765622,0.005132567494952792,25,0.215009±0.00513257,True,0.968412,0.0018888532676379697,25,0.968412±0.00188885,True,0.9681672490589557,0.001918602340712104,25,0.968167±0.0019186,True,0.9677804269774559,0.0019267570354927629,25,0.96778±0.00192676,True
74,tpl_u,0,rxnfp_random,31.241942367553712,0.32263317118702695,25,31.2419±0.322633,True,0.11863088607788082,0.0054273844010861065,25,0.118631±0.00542738,True,0.9619200000000001,0.0016982834470919913,25,0.96192±0.00169828,True,0.9618025575902313,0.0016983579475087825,25,0.961803±0.00169836,True,0.9611498178416252,0.0017328277016078807,25,0.96115±0.00173283,True
75,tpl_u,0,rxnfp_strat,31.199143056869506,0.3433440842611038,25,31.1991±0.343344,True,0.12099143028259274,0.0038168523524070926,25,0.120991±0.00381685,True,0.9620000000000001,0.0016209565077447475,25,0.962±0.00162096,True,0.9618851335245437,0.0016421702708145443,25,0.961885±0.00164217,True,0.9612332341915487,0.0016525494819999347,25,0.961233±0.00165255,True
76,tpl_u,1,drfp_random,8.024658365249634,0.0466150913974368,25,8.02466±0.0466151,True,0.2142503452301025,0.004058387794651365,25,0.21425±0.00405839,True,0.9685320000000001,0.001694038567054097,25,0.968532±0.00169404,True,0.9682924730860373,0.0017178519712366693,25,0.968292±0.00171785,True,0.9678990996779234,0.0017267334394460104,25,0.967899±0.00172673,True
77,tpl_u,1,drfp_strat,8.016604309082032,0.03872841321727679,25,8.0166±0.0387284,True,0.21442655563354487,0.004810227878988507,25,0.214427±0.00481023,True,0.968412,0.0018888532676379697,25,0.968412±0.00188885,True,0.9681672490589557,0.001918602340712104,25,0.968167±0.0019186,True,0.9677804269774559,0.0019267570354927629,25,0.96778±0.00192676,True
78,tpl_u,1,rxnfp_random,31.20852045059204,0.36019898628831276,25,31.2085±0.360199,True,0.11836821556091305,0.006405845239159292,25,0.118368±0.00640585,True,0.9619200000000001,0.0016982834470919913,25,0.96192±0.00169828,True,0.9618025575902313,0.0016983579475087825,25,0.961803±0.00169836,True,0.9611498178416252,0.0017328277016078807,25,0.96115±0.00173283,True
79,tpl_u,1,rxnfp_strat,31.103273372650147,0.3546007538691022,25,31.1033±0.354601,True,0.12221715927124017,0.005771130042175774,25,0.122217±0.00577113,True,0.9620000000000001,0.0016209565077447475,25,0.962±0.00162096,True,0.9618851335245437,0.0016421702708145443,25,0.961885±0.00164217,True,0.9612332341915487,0.0016525494819999347,25,0.961233±0.00165255,True
80,tpl_u,2,drfp_random,8.0285622215271,0.047050397932906815,25,8.02856±0.0470504,True,0.21541915893554683,0.007006627182112869,25,0.215419±0.00700663,True,0.9685320000000001,0.001694038567054097,25,0.968532±0.00169404,True,0.9682924730860373,0.0017178519712366693,25,0.968292±0.00171785,True,0.9678990996779234,0.0017267334394460104,25,0.967899±0.00172673,True
81,tpl_u,2,drfp_strat,8.018864946365357,0.0492182040107001,25,8.01886±0.0492182,True,0.21580591201782223,0.006903847950814566,25,0.215806±0.00690385,True,0.968412,0.0018888532676379697,25,0.968412±0.00188885,True,0.9681672490589557,0.001918602340712104,25,0.968167±0.0019186,True,0.9677804269774559,0.0019267570354927629,25,0.96778±0.00192676,True
82,tpl_u,2,rxnfp_random,31.21085474014282,0.3277888727502578,25,31.2109±0.327789,True,0.1188119029998779,0.007056286882078677,25,0.118812±0.00705629,True,0.9619200000000001,0.0016982834470919913,25,0.96192±0.00169828,True,0.9618025575902313,0.0016983579475087825,25,0.961803±0.00169836,True,0.9611498178416252,0.0017328277016078807,25,0.96115±0.00173283,True
83,tpl_u,2,rxnfp_strat,31.095183238983154,0.30414148561895066,25,31.0952±0.304141,True,0.1179258823394775,0.005625881293333956,25,0.117926±0.00562588,True,0.9620000000000001,0.0016209565077447475,25,0.962±0.00162096,True,0.9618851335245437,0.0016421702708145443,25,0.961885±0.00164217,True,0.9612332341915487,0.0016525494819999347,25,0.961233±0.00165255,True
84,tpl_u,3,drfp_random,8.027648429870606,0.052672624473076045,25,8.02765±0.0526726,True,0.21407216072082516,0.003943261819834852,25,0.214072±0.00394326,True,0.9685320000000001,0.001694038567054097,25,0.968532±0.00169404,True,0.9682924730860373,0.0017178519712366693,25,0.968292±0.00171785,True,0.9678990996779234,0.0017267334394460104,25,0.967899±0.00172673,True
85,tpl_u,3,drfp_strat,8.004166870117187,0.04359850397464721,25,8.00417±0.0435985,True,0.21434920310974118,0.004264835417935325,25,0.214349±0.00426484,True,0.968412,0.0018888532676379697,25,0.968412±0.00188885,True,0.9681672490589557,0.001918602340712104,25,0.968167±0.0019186,True,0.9677804269774559,0.0019267570354927629,25,0.96778±0.00192676,True
86,tpl_u,3,rxnfp_random,31.202012634277345,0.3406702141256367,25,31.202±0.34067,True,0.11882069587707514,0.0058135194475775875,25,0.118821±0.00581352,True,0.9619200000000001,0.0016982834470919913,25,0.96192±0.00169828,True,0.9618025575902313,0.0016983579475087825,25,0.961803±0.00169836,True,0.9611498178416252,0.0017328277016078807,25,0.96115±0.00173283,True
87,tpl_u,3,rxnfp_strat,31.09712914466858,0.3011383827544743,25,31.0971±0.301138,True,0.12198329925537106,0.005100660986357095,25,0.121983±0.00510066,True,0.9620000000000001,0.0016209565077447475,25,0.962±0.00162096,True,0.9618851335245437,0.0016421702708145443,25,0.961885±0.00164217,True,0.9612332341915487,0.0016525494819999347,25,0.961233±0.00165255,True
88,uspto_50k_b,0,drfp_random,8.172525825500488,0.04881449640178876,25,8.17253±0.0488145,True,0.1512688827514648,0.008204621726061878,25,0.151269±0.00820462,True,0.9658629316442972,0.0017052020226152487,25,0.965863±0.0017052,True,0.9655085044773233,0.0017709925763682813,25,0.965509±0.00177099,True,0.9573482105551957,0.002130529987487416,25,0.957348±0.00213053,True
89,uspto_50k_b,0,drfp_strat,8.185260648727416,0.06050518865027582,25,8.18526±0.0605052,True,0.15258211135864255,0.010124949879832345,25,0.152582±0.0101249,True,0.966186827678206,0.0018218949884043793,25,0.966187±0.00182189,True,0.9658497531074646,0.00189596971184306,25,0.96585±0.00189597,True,0.9577549227524069,0.002275641220948874,25,0.957755±0.00227564,True
90,uspto_50k_b,0,rxnfp_random,18.842367362976074,0.22241020109717616,25,18.8424±0.22241,True,0.06213609695434566,0.006052644033891403,25,0.0621361±0.00605264,True,0.9528630906929441,0.0021592103110801893,25,0.952863±0.00215921,True,0.9516622363721067,0.0021973464670790996,25,0.951662±0.00219735,True,0.9410738849773458,0.0026596631027337473,25,0.941074±0.00265966,True
91,uspto_50k_b,0,rxnfp_strat,18.881786346435547,0.21543400142608984,25,18.8818±0.215434,True,0.0628888607025146,0.007719951755042354,25,0.0628889±0.00771995,True,0.9530150423085789,0.0019070826532227093,25,0.953015±0.00190708,True,0.9518664148502283,0.0019904894249628026,25,0.951866±0.00199049,True,0.9412645996593636,0.0023939748712769435,25,0.941265±0.00239397,True
92,uspto_50k_b,1,drfp_random,8.169920244216918,0.05102469165104754,25,8.16992±0.0510247,True,0.1499356937408447,0.0089084624813009,25,0.149936±0.00890846,True,0.9658629316442972,0.0017052020226152487,25,0.965863±0.0017052,True,0.9655085044773233,0.0017709925763682813,25,0.965509±0.00177099,True,0.9573482105551957,0.002130529987487416,25,0.957348±0.00213053,True
93,uspto_50k_b,1,drfp_strat,8.181015920639037,0.047478823713394416,25,8.18102±0.0474788,True,0.15109640121459958,0.007376319654260017,25,0.151096±0.00737632,True,0.966186827678206,0.0018218949884043793,25,0.966187±0.00182189,True,0.9658497531074646,0.00189596971184306,25,0.96585±0.00189597,True,0.9577549227524069,0.002275641220948874,25,0.957755±0.00227564,True
94,uspto_50k_b,1,rxnfp_random,18.8395250415802,0.20204878399195783,25,18.8395±0.202049,True,0.06149544715881343,0.005225566204320108,25,0.0614954±0.00522557,True,0.9528630906929441,0.0021592103110801893,25,0.952863±0.00215921,True,0.9516622363721067,0.0021973464670790996,25,0.951662±0.00219735,True,0.9410738849773458,0.0026596631027337473,25,0.941074±0.00265966,True
95,uspto_50k_b,1,rxnfp_strat,18.89907600402832,0.25190326011444114,25,18.8991±0.251903,True,0.06155283927917476,0.003861971684784255,25,0.0615528±0.00386197,True,0.9530150423085789,0.0019070826532227093,25,0.953015±0.00190708,True,0.9518664148502283,0.0019904894249628026,25,0.951866±0.00199049,True,0.9412645996593636,0.0023939748712769435,25,0.941265±0.00239397,True
96,uspto_50k_b,2,drfp_random,8.179102993011474,0.046969636369775435,25,8.1791±0.0469696,True,0.1495854473114013,0.0061431295110843075,25,0.149585±0.00614313,True,0.9658629316442972,0.0017052020226152487,25,0.965863±0.0017052,True,0.9655085044773233,0.0017709925763682813,25,0.965509±0.00177099,True,0.9573482105551957,0.002130529987487416,25,0.957348±0.00213053,True
97,uspto_50k_b,2,drfp_strat,8.190576019287109,0.06972404001954324,25,8.19058±0.069724,True,0.1479944610595703,0.005398972119043104,25,0.147994±0.00539897,True,0.966186827678206,0.0018218949884043793,25,0.966187±0.00182189,True,0.9658497531074646,0.00189596971184306,25,0.96585±0.00189597,True,0.9577549227524069,0.002275641220948874,25,0.957755±0.00227564,True
98,uspto_50k_b,2,rxnfp_random,18.85970422744751,0.22883603990477636,25,18.8597±0.228836,True,0.0625533008575439,0.0045656909150748265,25,0.0625533±0.00456569,True,0.9528630906929441,0.0021592103110801893,25,0.952863±0.00215921,True,0.9516622363721067,0.0021973464670790996,25,0.951662±0.00219735,True,0.9410738849773458,0.0026596631027337473,25,0.941074±0.00265966,True
99,uspto_50k_b,2,rxnfp_strat,18.926192855834962,0.21603210386216806,25,18.9262±0.216032,True,0.06149125099182125,0.004143019959694395,25,0.0614913±0.00414302,True,0.9530150423085789,0.0019070826532227093,25,0.953015±0.00190708,True,0.9518664148502283,0.0019904894249628026,25,0.951866±0.00199049,True,0.9412645996593636,0.0023939748712769435,25,0.941265±0.00239397,True
100,uspto_50k_b,3,drfp_random,8.16887228012085,0.04802910087667453,25,8.16887±0.0480291,True,0.14853513717651365,0.0057167759832725245,25,0.148535±0.00571678,True,0.9658629316442972,0.0017052020226152487,25,0.965863±0.0017052,True,0.9655085044773233,0.0017709925763682813,25,0.965509±0.00177099,True,0.9573482105551957,0.002130529987487416,25,0.957348±0.00213053,True
101,uspto_50k_b,3,drfp_strat,8.175939950942993,0.036923205770620054,25,8.17594±0.0369232,True,0.14957944869995113,0.006611166672088163,25,0.149579±0.00661117,True,0.966186827678206,0.0018218949884043793,25,0.966187±0.00182189,True,0.9658497531074646,0.00189596971184306,25,0.96585±0.00189597,True,0.9577549227524069,0.002275641220948874,25,0.957755±0.00227564,True
102,uspto_50k_b,3,rxnfp_random,18.79197688102722,0.1951956798915299,25,18.792±0.195196,True,0.060594520568847614,0.002824422436700217,25,0.0605945±0.00282442,True,0.9528630906929441,0.0021592103110801893,25,0.952863±0.00215921,True,0.9516622363721067,0.0021973464670790996,25,0.951662±0.00219735,True,0.9410738849773458,0.0026596631027337473,25,0.941074±0.00265966,True
103,uspto_50k_b,3,rxnfp_strat,18.839387741088867,0.22448530295028685,25,18.8394±0.224485,True,0.0633984756469726,0.006631387885961245,25,0.0633985±0.00663139,True,0.9530150423085789,0.0019070826532227093,25,0.953015±0.00190708,True,0.9518664148502283,0.0019904894249628026,25,0.951866±0.00199049,True,0.9412645996593636,0.0023939748712769435,25,0.941265±0.00239397,True
104,uspto_50k_u,0,drfp_random,8.56623164176941,0.05632738298021889,25,8.56623±0.0563274,True,0.15303042411804196,0.00636675714372164,25,0.15303±0.00636676,True,0.9544785768587697,0.0019659216921259063,25,0.954479±0.00196592,True,0.9533720318910679,0.002084671966640455,25,0.953372±0.00208467,True,0.9431563328439733,0.002463879608419708,25,0.943156±0.00246388,True
105,uspto_50k_u,0,drfp_strat,8.542921857833862,0.049772509200397684,25,8.54292±0.0497725,True,0.15146277427673335,0.006253230925694569,25,0.151463±0.00625323,True,0.954494571660489,0.0022548368927294655,25,0.954495±0.00225484,True,0.9534148048975848,0.0023978600752696906,25,0.953415±0.00239786,True,0.943182045988427,0.002814047384934407,25,0.943182±0.00281405,True
106,uspto_50k_u,0,rxnfp_random,18.750076913833617,0.20687247497861308,25,18.7501±0.206872,True,0.06165431022644038,0.005223459847790021,25,0.0616543±0.00522346,True,0.9589291549200574,0.0019902808768052526,25,0.958929±0.00199028,True,0.9578382862709418,0.0020987597464562752,25,0.957838±0.00209876,True,0.948684234294917,0.00244007584378155,25,0.948684±0.00244008,True
107,uspto_50k_u,0,rxnfp_strat,18.87402066230774,0.217526869604632,25,18.874±0.217527,True,0.06267785072326655,0.006047830443890446,25,0.0626779±0.00604783,True,0.9593490089718386,0.0018644096927123129,25,0.959349±0.00186441,True,0.9582633649784925,0.001978176536172859,25,0.958263±0.00197818,True,0.9492087711138382,0.0023365054477617383,25,0.949209±0.00233651,True
108,uspto_50k_u,1,drfp_random,8.557591714859008,0.043152089352792064,25,8.55759±0.0431521,True,0.15342020988464353,0.006411949467207942,25,0.15342±0.00641195,True,0.9544785768587697,0.0019659216921259063,25,0.954479±0.00196592,True,0.9533720318910679,0.002084671966640455,25,0.953372±0.00208467,True,0.9431563328439733,0.002463879608419708,25,0.943156±0.00246388,True
109,uspto_50k_u,1,drfp_strat,8.555407133102417,0.05189031803769077,25,8.55541±0.0518903,True,0.15415391921997068,0.006224743474500344,25,0.154154±0.00622474,True,0.954494571660489,0.0022548368927294655,25,0.954495±0.00225484,True,0.9534148048975848,0.0023978600752696906,25,0.953415±0.00239786,True,0.943182045988427,0.002814047384934407,25,0.943182±0.00281405,True
110,uspto_50k_u,1,rxnfp_random,18.772772283554076,0.23117961117473365,25,18.7728±0.23118,True,0.06142895698547358,0.003800029436140496,25,0.061429±0.00380003,True,0.9589291549200574,0.0019902808768052526,25,0.958929±0.00199028,True,0.9578382862709418,0.0020987597464562752,25,0.957838±0.00209876,True,0.948684234294917,0.00244007584378155,25,0.948684±0.00244008,True
111,uspto_50k_u,1,rxnfp_strat,18.847999467849732,0.23513672189957735,25,18.848±0.235137,True,0.0612882804870605,0.0034655882705804924,25,0.0612883±0.00346559,True,0.9593490089718386,0.0018644096927123129,25,0.959349±0.00186441,True,0.9582633649784925,0.001978176536172859,25,0.958263±0.00197818,True,0.9492087711138382,0.0023365054477617383,25,0.949209±0.00233651,True
112,uspto_50k_u,2,drfp_random,8.549315328598022,0.05054623298092979,25,8.54932±0.0505462,True,0.15220541000366208,0.008929599851654091,25,0.152205±0.0089296,True,0.9544785768587697,0.0019659216921259063,25,0.954479±0.00196592,True,0.9533720318910679,0.002084671966640455,25,0.953372±0.00208467,True,0.9431563328439733,0.002463879608419708,25,0.943156±0.00246388,True
113,uspto_50k_u,2,drfp_strat,8.546750469207764,0.04527907893198031,25,8.54675±0.0452791,True,0.15368263244628902,0.007284685462895834,25,0.153683±0.00728469,True,0.954494571660489,0.0022548368927294655,25,0.954495±0.00225484,True,0.9534148048975848,0.0023978600752696906,25,0.953415±0.00239786,True,0.943182045988427,0.002814047384934407,25,0.943182±0.00281405,True
114,uspto_50k_u,2,rxnfp_random,18.798712606430055,0.23733052798372212,25,18.7987±0.237331,True,0.06119729042053217,0.00334318051646731,25,0.0611973±0.00334318,True,0.9589291549200574,0.0019902808768052526,25,0.958929±0.00199028,True,0.9578382862709418,0.0020987597464562752,25,0.957838±0.00209876,True,0.948684234294917,0.00244007584378155,25,0.948684±0.00244008,True
115,uspto_50k_u,2,rxnfp_strat,18.844435539245605,0.21248647044052293,25,18.8444±0.212486,True,0.06267583847045893,0.005001811347355378,25,0.0626758±0.00500181,True,0.9593490089718386,0.0018644096927123129,25,0.959349±0.00186441,True,0.9582633649784925,0.001978176536172859,25,0.958263±0.00197818,True,0.9492087711138382,0.0023365054477617383,25,0.949209±0.00233651,True
116,uspto_50k_u,3,drfp_random,8.562857809066772,0.05647748346830804,25,8.56286±0.0564775,True,0.1535495853424072,0.00574211452689308,25,0.15355±0.00574211,True,0.9544785768587697,0.0019659216921259063,25,0.954479±0.00196592,True,0.9533720318910679,0.002084671966640455,25,0.953372±0.00208467,True,0.9431563328439733,0.002463879608419708,25,0.943156±0.00246388,True
117,uspto_50k_u,3,drfp_strat,8.555774116516114,0.051441146091559795,25,8.55577±0.0514411,True,0.15493424415588375,0.005777777832222905,25,0.154934±0.00577778,True,0.954494571660489,0.0022548368927294655,25,0.954495±0.00225484,True,0.9534148048975848,0.0023978600752696906,25,0.953415±0.00239786,True,0.943182045988427,0.002814047384934407,25,0.943182±0.00281405,True
118,uspto_50k_u,3,rxnfp_random,18.78404282569885,0.26587810397588063,25,18.784±0.265878,True,0.06110754966735835,0.003098672953307605,25,0.0611075±0.00309867,True,0.9589291549200574,0.0019902808768052526,25,0.958929±0.00199028,True,0.9578382862709418,0.0020987597464562752,25,0.957838±0.00209876,True,0.948684234294917,0.00244007584378155,25,0.948684±0.00244008,True
119,uspto_50k_u,3,rxnfp_strat,18.833217878341674,0.2620544861546567,25,18.8332±0.262054,True,0.062405042648315374,0.004756193319628038,25,0.062405±0.00475619,True,0.9593490089718386,0.0018644096927123129,25,0.959349±0.00186441,True,0.9582633649784925,0.001978176536172859,25,0.958263±0.00197818,True,0.9492087711138382,0.0023365054477617383,25,0.949209±0.00233651,True
